"BC_ID";"BC_Text";"BC_luecken"
"1";"_ + _ = Hipsters";"2"
"2";"_ is a sure sign of mankind's decline.";"1"
"3";"_ would only happen in my worst nightmares.";"1"
"4";"_: good to the last drop.";"1"
"5";"_: kid tested, mother approved.";"1"
"6";"_: kid-tested, mother-approved.";"1"
"7";"_: Once you pop, the fun don't stop!";"1"
"8";"_? Oh yeah. There's porn about that.";"1"
"9";"_? There's an app for that.";"1"
"10";"_? Yeah, nah.";"1"
"11";"_. Awesome in theory, kind of a mess in practice.";"1"
"12";"_. Betcha can't have just one!";"1"
"13";"_. High five, bro.";"1"
"14";"_. It's a trap!";"1"
"15";"_. That was so metal.";"1"
"16";"_. That's how I want to die.";"1"
"17";"_. The best way to spice up your sex life.";"1"
"18";"??????????????? Do NOT go here! Found _ in my Kung Pao chicken!";"1"
"19";"50% of all marriages end in _.";"1"
"20";"A recent laboratory study shows that undergraduates have 50% less sex after being exposed to _.";"1"
"21";"A romantic candlelit dinner would be incomplete without _.";"1"
"22";"A romantic candlelit dinner would be incomplete without _.";"1"
"23";"A romantic, candlelit dinner would be incomplete without _.";"1"
"24";"A successful job interview begins with a firm handshake and ends with _.";"1"
"25";"ABC presents: ""_: The Story of _.""";"2"
"26";"After eight years in the White House, how is Obama finally letting loose?";"1"
"27";"After four platinum albums and three Grammys, it's time to get back to my roots, to what inspired me to make music in the first place: _.";"1"
"28";"After Hurricane Katrina, Sean Penn brought _ to all the people of New Orleans.";"1"
"29";"After Hurricane Katrina, Sean Penn brought _ to the people of New Orleans.";"1"
"30";"After months of practice with _, I think I'm finally ready for _.";"2"
"31";"After the earthquake, Sean Penn brought _ to the people of Haiti.";"1"
"32";"Air Canada guidelines now prohibit _ on airplanes.";"1"
"33";"Airport security guidelines now prohibit _ on airplanes.";"1"
"34";"Alternative medicine is now embracing the curative powers of _.";"1"
"35";"And the Academy Award for _ goes to _.";"2"
"36";"And the BAFTA for _ goes to _.";"2"
"37";"And what did you bring for show and tell?";"1"
"38";"Anthropologists have recently discovered a primitive tribe that worships _.";"1"
"39";"Arby's: We Have _.";"1"
"40";"Are you thinking what I'm thinking, B1? I think I am, B2: it's _ time!";"1"
"41";"As my New Year's resolution, I vow to give up _.";"1"
"42";"As the mom of five rambunctious boys, I'm no stranger to _.";"1"
"43";"As the mum of five rambunctious boys, I'm no stranger to _.";"1"
"44";"Betcha can't have just one!";"1"
"45";"BILLY MAYS HERE FOR _.";"1"
"46";"Bravo's new reality show features eight washed-up celebrities living with _.";"1"
"47";"Brought to you by Bud Light??, the Official Beer of _.";"1"
"48";"Brought to you by Molson Canadian, the Official Beer of _.";"1"
"49";"Brought to you by XXXX Gold, the Official Beer of _.";"1"
"50";"But before I kill you, Mr. Bond, I must show you _.";"1"
"51";"CBC presents ""_: the Story of _.""";"2"
"52";"Channel 4 presents _, the story of _.";"2"
"53";"Channel 5's new reality show features eight washed-up celebrities living with _.";"1"
"54";"Channel 9 is pleased to present its new variety show, ""Hey Hey It's _.""";"1"
"55";"Charlie and the chocolate _.";"1"
"56";"Check me out, yo! I call this dance move ""_.""";"1"
"57";"Click Here for _!!!";"1"
"58";"Coming this season, Samuel Beckett's classic existential play: Waiting for _.";"1"
"59";"Coming to Broadway this season, _: The Musical.";"1"
"60";"Coming to theaters this holiday season, ""Star Wars: The Rise of _.""";"1"
"61";"Crikey! I've never seen _ like this before! Let's get a bit closer.";"1"
"62";"CTV presents ""_: the Story of _.""";"2"
"63";"Daddy, why is mommy crying?";"1"
"64";"Daddy, why is mummy crying?";"1"
"65";"Dear Abby, I'm having some trouble with _ and would like your advice.";"1"
"66";"Dear Agony Aunt, I'm having some trouble with _ and I need your advice.";"1"
"67";"Dear Sir or Madam, We regret to inform you that the Office of _ has denied your request for _.";"2"
"68";"Doctor, you've gone too far! The human body wasn't meant to withstand that amount of _!";"1"
"69";"Dude, do not go in that bathroom. There's _ in there.";"1"
"70";"Dude, do not go in that washroom. There's _ in there.";"1"
"71";"Due to a PR fiasco, Walmart no longer offers _.";"1"
"72";"During his childhood, Salvador Dali produced hundreds of paintings of _.";"1"
"73";"During his short-lived boxing career, the Messiah fought under the name Jesus ""_"" Christ.";"1"
"74";"During Picasso's often-overlooked Brown Period, he produced hundreds of paintings of _.";"1"
"75";"During sex, I like to think about _.";"1"
"76";"Finally! A service that delivers _ right to your door.";"1"
"77";"For my turn, I will spend four gold and allocate all three workers to _.";"1"
"78";"Fun tip! When your man asks you to go down on him, try surprising him with _ instead.";"1"
"79";"Future historians will agree that _ marked the beginning of America's decline.";"1"
"80";"Having problems with _? Try _!";"2"
"81";"Here is the church Here is the steeple Open the doors And there is _.";"1"
"82";"Hey guys, welcome to Boston Pizza! Would you like to start the night off right with _?";"1"
"83";"Hey guys, welcome to Chili's! Would you like to start the night off right with _?";"1"
"84";"Hey guys, welcome to Sizzler! Would you like to start the night off right with _?";"1"
"85";"Hey guys, welcome to TGIF! Would you like to start the night off right with _?";"1"
"86";"Hey Reddit! I'm _. Ask me anything.";"1"
"87";"How am I maintaining my relationship status?";"1"
"88";"How did I lose my virginity?";"1"
"89";"I do not know with what weapons World War III will be fought, but World War IV will be fought with _.";"1"
"90";"I drink to forget _.";"1"
"91";"I get by with a little help from _.";"1"
"92";"I got 99 problems, but _ ain't one.";"1"
"93";"I know when that hotline bling, that can only mean one thing: _.";"1"
"94";"I learned the hard way that you can't cheer up a grieving friend with _.";"1"
"95";"I never truly understood _ until I encountered _.";"2"
"96";"I spy with my little eye _.";"1"
"97";"I wish I hadn't lost the instruction manual for _.";"1"
"98";"I'm going on a cleanse this week. Nothing but kale juice and _.";"1"
"99";"I'm Lebron James, and when I'm not slamming dunks, I love _.";"1"
"100";"I'm no doctor, but I'm pretty sure what you're suffering from is called ""_.""";"1"
"101";"I'm sorry, Professor, but I couldn't complete my homework because of _.";"1"
"102";"I'm sorry, Sir, but I couldn't complete my homework because of _.";"1"
"103";"I'm not like the rest of you. I'm too rich and busy for _.";"1"
"104";"If you can't be with the one you love, love _.";"1"
"105";"IF you like _, YOU MIGHT BE A REDNECK.";"1"
"106";"In 1,000 years, when paper money is a distant memory, how will we pay for goods and services?";"1"
"107";"In 1,000 years, when paper money is but a distant memory, _ will be our currency.";"1"
"108";"In a world ravaged by _ our only solace is _.";"2"
"109";"In a world ravaged by _, our only solace is _.";"2"
"110";"In an attempt to reach a wider audience, the National Museum of Australia has opened an interactive exhibit on _.";"1"
"111";"In an attempt to reach a wider audience, the Smithsonian Museum of Natural History has opened an interactive exhibit on _.";"1"
"112";"In Australia, _ is twice as big and twice as deadly.";"1"
"113";"In Belmarsh Prison, word is you can trade 200 cigarettes for _.";"1"
"114";"In her latest feature-length film, Tracy Beaker struggles with _ for the first time.";"1"
"115";"In his new self-produced album, Kanye West raps over the sounds of _.";"1"
"116";"In his new summer comedy, Rob Schneider is _ trapped in the body of _.";"2"
"117";"In L.A. County Jail, word is you can trade 200 cigarettes for _.";"1"
"118";"In M. Night Shyamalan's new movie, Bruce Willis discovers that _ had really been _ all along.";"2"
"119";"In Michael Jackson's final moments, he thought about _.";"1"
"120";"In Rome, there are whisperings that the Vatican has a secret room devoted to _.";"1"
"121";"In the new Disney Channel Original Movie, Hannah Montana struggles with _ for the first time.";"1"
"122";"In the seventh circle of Hell, sinners must endure _ for all eternity.";"1"
"123";"In your Best-Man speech, I'd talk about when we found ourselves _.";"1"
"124";"Instead of coal, Father Christmas now gives the bad children _.";"1"
"125";"Instead of coal, Santa now gives the bad children _.";"1"
"126";"Introducing the amazing superhero/sidekick duo! It's _ and _!";"2"
"127";"Introducing X-Treme Baseball! It's like baseball, but with _!";"1"
"128";"It's a trap!";"1"
"129";"It's not _ that puts strain on a relationship, it's _.";"2"
"130";"Just once, I'd like to hear you say ""Thanks, Mom. Thanks for _.""";"1"
"131";"Just once, I'd like to hear you say ""Thanks, Mum. Thanks for _.""";"1"
"132";"Just saw this upsetting video! Please retweet!! #stop_";"1"
"133";"Kids, I don't need drugs to get high. I'm high on _.";"1"
"134";"Life for Aboriginal people was forever changed when the white man introduced them to _.";"1"
"135";"Life for American Indians was forever changed when the White Man introduced them to _.";"1"
"136";"Life was difficult for cavemen before _.";"1"
"137";"Lifetime?? presents _: the Story of _.";"2"
"138";"Lifetime?? presents ""_: the Story of _.""";"2"
"139";"Lovin' you is easy 'cause you're _.";"1"
"140";"Major League Baseball has banned _ for giving players an unfair advantage.";"1"
"141";"Make a haiku.";"3"
"142";"Mate, do not go in that bathroom. There's _ in there.";"1"
"143";"Mate, do not go in that toilet. There's _ in there.";"1"
"144";"Maybe she's born with it. Maybe it's _.";"1"
"145";"Men's Wearhouse: You're gonna like _. I guarantee it.";"1"
"146";"Military historians remember Alexander the Great for his brilliant use of _ against the Persians.";"1"
"147";"Money can't buy me love, but it can buy me _.";"1"
"148";"Mr. and Mrs. Diaz, we called you in because we're concerned about Cynthia. Are you aware that your daughter is _?";"1"
"149";"MTV's new reality show features eight washed-up celebrities living with _.";"1"
"150";"My fellow Americans: Before this decade is out, we will have _ on the moon!";"1"
"151";"My mom is so happy when I visit, but I'm only there to be _.";"1"
"152";"My plan for world domination begins with _.";"1"
"153";"Next from J.K. Rowling: Harry Potter and the Chamber of _.";"1"
"154";"Next from J.K. Rowling: Harry Potter and the chamber of _.";"1"
"155";"Next on ESPN2: The World Series of _.";"1"
"156";"Next on Eurosport: The World Championship of _.";"1"
"157";"Next on Nine's Wide World of Sports: The World Championship of _.";"1"
"158";"Next on Sky Sports: The World Champsion of _.";"1"
"159";"Next on Sky Sports: The World Champsion of _.";"1"
"160";"Next on TSN: The World Series of _.";"1"
"161";"Next up on Channel 4: Ramsay's _ Nightmares.";"1"
"162";"Nobody expects the Spanish Inquisition. Our chief weapons are fear, surprise, and _.";"1"
"163";"Now at the National Museum of Australia: an interactive exhibit on _.";"1"
"164";"Now at the Natural History Museum: an interactive exhibit on _.";"1"
"165";"Now at the Royal Ontario Museum: an interactive exhibit on _.";"1"
"166";"Now at the Smithsonian: an interactive exhibit on _.";"1"
"167";"O Canada, we stand on guard for _.";"1"
"168";"Oi! Show us _!";"1"
"169";"Old MacDonald had _. E-I-E-I-O.";"1"
"170";"Only you can prevent _.";"1"
"171";"Penalty! _: that's 5 minutes in the box!";"1"
"172";"Qantas now prohibits _ on airplanes.";"1"
"173";"Rumor has it that Vladimir Putin's favorite dish is _ stuffed with _.";"2"
"174";"Science will never explain _.";"1"
"175";"Skidamarink a dink a dink, skidamarink a doo, I love _.";"1"
"176";"Sorry everyone, I just _.";"1"
"177";"Step 1: _. Step 2: _. Step 3: Profit.";"2"
"178";"Studies show that lab rats navigate mazes 50% faster after being exposed to _.";"1"
"179";"Thank God for alcohol and _.";"1"
"180";"That's right, I killed _. How, you ask? _.";"2"
"181";"The blind date was going horribly until we discovered our shared interest in _.";"1"
"182";"The class field trip was completely ruined by _.";"1"
"183";"The Four Horsemen of the Apocalypse: Pestilence, War, Famine, and _.";"1"
"184";"The hills are alive with the sound of _.";"1"
"185";"The neighborhood kid didn't use snow for their snowman, they used _.";"1"
"186";"The new Chevy Tahoe. With the power and space to take _ everywhere you go.";"1"
"187";"The school excursion was completely ruined by _.";"1"
"188";"The school field trip was completely ruined by _.";"1"
"189";"The school trip was completely ruined by _.";"1"
"190";"The secret to a lasting marriage is communication, communication, and _.";"1"
"191";"The Smithsonian Museum of Natural History has just opened an interactive exhibit on _.";"1"
"192";"The TFL apologizes for the delay in train service due to _.";"1"
"193";"The theme for next year's Eurovision Song Contest is ""We are _.""";"1"
"194";"The U.S. has begun airdropping _ to the children of Afghanistan.";"1"
"195";"They said we were crazy. They said we couldn't put _ inside of _. They were wrong.";"2"
"196";"This is the way the world ends This is the way the world ends Not with a bang but with _.";"1"
"197";"This is your pilot speaking. Please prepare for _.";"1"
"198";"This season at Steppenwolf, Samuel Beckett's classic existential play: Waitng for _.";"1"
"199";"This season at the old Vic, Samuel Beckett's classic existential play: Waitng for _.";"1"
"200";"This season at the Princess of Wales Theatre, Samuel Beckett's classic existential play: Waiting for _.";"1"
"201";"This season at the Sydney Opera House, Samuel Beckett's classic existential play: Waiting for _.";"1"
"202";"Today on Jerry Springer: ""Help! My son is _!""";"1"
"203";"Today on Maury: ""Help! My son is _!""";"1"
"204";"Today on The Jeremy Kyle Show: ""Help! My son is _!""";"1"
"205";"Tonight's top story: What you don't know about _ could kill you.";"1"
"206";"TSA guidelines now prohibit _ on airplanes.";"1"
"207";"Turns out that _-Man was neither the hero we needed nor wanted.";"1"
"208";"Uh, hey guys, I know this was my idea, but I'm having serious doubts about _.";"1"
"209";"UKIP: Putting _ First!";"1"
"210";"War! What is it good for?";"1"
"211";"Well if you'll excuse me, gentlemen, I have a date with _.";"1"
"212";"What am I giving up for Lent?";"1"
"213";"What are my parents hiding from me?";"1"
"214";"What are school administrators using to curb rampant teenage pregnancy?";"1"
"215";"What broke up the original Wiggles?";"1"
"216";"What brought the orgy to a grinding halt?";"1"
"217";"What did I bring back from Amsterdam?";"1"
"218";"What did I bring back from Bali?";"1"
"219";"What did I bring back from Mexico?";"1"
"220";"What did the US airdrop to the children of Afghanistan?";"1"
"221";"What did Vin Diesel eat for dinner?";"1"
"222";"What do old people smell like?";"1"
"223";"What does Dick Cheney prefer?";"1"
"224";"What don't you want to find in your Chinese food?";"1"
"225";"What don't you want to find in your doner kebab?";"1"
"226";"What don't you want to find in your Kung Pao chicken?";"1"
"227";"What don't you want to find in your Mongolian beef?";"1"
"228";"What ended my last relationship?";"1"
"229";"What gets better with age?";"1"
"230";"What gives me uncontrollable gas?";"1"
"231";"What has been making life difficult at the nudist colony?";"1"
"232";"What helps Barack Obama unwind?";"1"
"233";"What helps Obama unwind?";"1"
"234";"What is Batman's guilty pleasure?";"1"
"235";"What is George W. Bush thinking about right now?";"1"
"236";"What kept Margaret Thatcher busy in her waning years?";"1"
"237";"What left this stain on my couch?";"1"
"238";"What made my first kiss so awkward?";"1"
"239";"What makes life worth living?";"1"
"240";"What makes me a true blue Aussie?";"1"
"241";"What never fails to liven up the party?";"1"
"242";"What will always get you laid?";"1"
"243";"What will I bring back in time to convince people that I am a powerful wizard?";"1"
"244";"What would grandma find disturbing, yet oddly charming?";"1"
"245";"What's a girl's best friend?";"1"
"246";"What's my anti-drug?";"1"
"247";"What's my secret power?";"1"
"248";"What's Teach for America using to inspire inner city students to succeed?";"1"
"249";"What's that smell?";"1"
"250";"What's that sound?";"1"
"251";"What's the Canadian government using to inspire rural students to succeed?";"1"
"252";"What's the crustiest?";"1"
"253";"What's the most emo?";"1"
"254";"What's the new fad diet?";"1"
"255";"What's the next Happy Meal?? toy?";"1"
"256";"What's the next superhero/sidekick duo?";"1"
"257";"What's there a ton of in heaven?";"1"
"258";"What's there a tonne of in heaven?";"1"
"259";"When all else fails, I can always masturbate to _.";"1"
"260";"When I am a billionare, I shall erect a 20-meter statue to commemorate _.";"1"
"261";"When I am a billionare, I shall erect a 20-metre statue to commemorate _.";"1"
"262";"When I am a billionare, I shall erect a 50-foot statue to commemorate _.";"1"
"263";"When I am President of the United States, I will create the Department of _.";"1"
"264";"When I am President, I will create the Department of _.";"1"
"265";"When I am Prime Minister of Canada, I will create the Department of _.";"1"
"266";"When I am Prime Minister of Canada, I will create the Ministry of _.";"1"
"267";"When I am Prime Minister, I will create the Department of _.";"1"
"268";"When I am Prime Minister, I will create the Department of _.";"1"
"269";"When I am Prime Minister, I will create the Ministry of _.";"1"
"270";"When I pooped, what came out of my butt?";"1"
"271";"When I was tripping on acid, _ turned into _.";"2"
"272";"When I'm pooping, I like to think about _.";"1"
"273";"When Pharaoh remained unmoved, Moses called down a Plague of _.";"1"
"274";"When you get right down to it, _ is just _.";"2"
"275";"While the United States raced the Soviet Union to the moon, the Mexican government funneled millions of pesos into research on _.";"1"
"276";"White people like _.";"1"
"277";"Who stole the cookies from the cookie jar?";"1"
"278";"Why am I sticky?";"1"
"279";"Why can't I sleep at night?";"1"
"280";"Why do I hurt all over?";"1"
"281";"With enough time and pressure, _ will turn into _.";"2"
"282";"Your security clearance has been suspended beause of your shameful past involving _.";"1"
"283";"After blacking out during New Year's Eve, I was awoken by _.";"1"
"284";"Every Christmas, my uncle gets drunk and tells the story about _.";"1"
"285";"Jesus is _.";"1"
"286";"On the third day of Christmas, my true love gave to me: three French hens, two turtle doves, and _.";"1"
"287";"This is a little embarrassing but I was wondering if you could recommend a doctor who specializes in _.";"1"
"288";"Wake up, America. Christmas is under attack by secular liberals and their _.";"1"
"289";"What keeps me warm during the cold, cold winter?";"1"
"290";"Because they are forbidden from masturbating, Mormons channel their repressed sexual energy into _.";"1"
"291";"Blessed are you, Lord our God, creator of the universe, who has granted us _.";"1"
"292";"But wait, there's more! If you order _ in the next 15 minutes, we'll throw in _ absolutely free!";"2"
"293";"GREETINGS HUMANS I AM _ BOT EXECUTING PROGRAM.";"1"
"294";"Heroin: a proud supporter of _.";"1"
"295";"I really hope my grandma doesn't ask me to explain _ again.";"1"
"296";"Kids these days with their iPods and their Internet. In my day, all we needed to pass the time was _.";"1"
"297";"Revealed: Why He Really Resigned! Pope Benedict's Secret Struggle with _.";"1"
"298";"What's the only thing sexier than confidence?";"1"
"299";"A curse upon thee! Many years from now, just when you think you're safe, _ shall turn into _.";"2"
"300";"Behold the Four Horsemen of the Apocalypse! War, Famine, Death, and _.";"1"
"301";"Dear Mom and Dad, Camp is fun. I like capture the flag. Yesterday, one of the older kids taught me about _. I love you, Casey";"1"
"302";"Here lies First Last, Year-2015, devoted friend, lover of _.";"1"
"303";"Honey, Mommy and Daddy love you very much. But apparently Mommy loves _ more than she loves Daddy.";"1"
"304";"Today on Buzzfeed: 10 pictures of _ That look like _!";"2"
"305";"Why am I so tired?";"1"
"306";"Believe it or not Jim Carrey can do a dead-on impression of _.";"1"
"307";"How did Stella get her groove back?";"1"
"308";"I'm a bitch, I'm a lover, I'm a child, I'm _.";"1"
"309";"It's Morphin' Time! Mastodon! Pterodactyl! Triceratops! Sabertooth Tiger! _!";"1"
"310";"Siskel and Ebert have panned _ as ""poorly conceived"" and ""sloppily executed.""";"1"
"311";"Tonight on SNICK: ""Are You Afriad of _?";"1"
"312";"Up next on Nickelodeon: ""Clarissa Explains _.""";"1"
"313";"Ain't it nifty? Barb and Bob hit 50! So get off your ass and raise a glass to 50 years of _.";"1"
"314";"Duuuuuuude. You have got to go to space. _ is awesome in space.";"1"
"315";"Five, four, three, two, one.... _!";"1"
"316";"For hunting in the King's forest, I hereby sentence you to death by _.";"1"
"317";"Give me ten good men and 48 hours. I'll get you _.";"1"
"318";"Goldfinger! He's the man, the man with _.";"1"
"319";"Goodbye, _, hello _!";"2"
"320";"Here's a little something I learned in business school: The customer is always _.";"1"
"321";"Hey, honey. For the bedroom, were you thinking, ""Robin's Egg Blue"" or _Pink?""";"1"
"322";"I hate this job. I hate this place. Most of all, I hate _. I quit.";"1"
"323";"I have solved politics. My solution is _.";"1"
"324";"I so drunk I _.";"1"
"325";"I swear to God I'm gonna murder my husband if he doesn't shut the fuck up about _.";"1"
"326";"In bookstores now: ""From _ to _: A memoir.""";"2"
"327";"In Radiohead's new single, Thom Yorke repeats the phrase ""_"" dozens of times over a skittering drum beat.";"1"
"328";"It's finally happening! I'm finally doing it! Yes! It's time for _!";"1"
"329";"It's late at night. You're in bed with your lover, Patrick Stewart. He leans over with a twinkle in his eye and asks ""How about _?""";"1"
"330";"It's the 21st century. A woman shouldn't have to apologize for _.";"1"
"331";"Ladies and gentlemen, I propose a two-pronged plan. The first prong will be _, and the second prong will be _.";"2"
"332";"Live from Universal Studios, it's America's favorite game show! ""_ or _?""";"2"
"333";"Millions of copies sold! Donald Trump's ""The Art of _.""";"1"
"334";"New at TGI Fridays! It's what you've been waiting for: The _ Burger.";"1"
"335";"Oh no! Here it comes! Ohhhhh god! It's _.";"1"
"336";"Oh you haaaaaaave to see this new documentary on Netflix. I don't want to give anything away, but let's just say it will change the way you look at _.";"1"
"337";"Oh, the weather outside is frightful. But _ is so delightful.";"1"
"338";"One, two, three and to the four, Snoop Doggy Dogg and Dr. Dre is _.";"1"
"339";"Personal foul: _. 15-yard penalty. Automatic first down.";"1"
"340";"Rub a dub dub, _ in a tub!";"1"
"341";"Say it loud! I'm _ and I'm proud!";"1"
"342";"Seriously guys, there's nothing funny about _.";"1"
"343";"Sweetheart, you and your sister escel in different ways. She's got her violin, and you've got _.";"1"
"344";"That's bullshit! They can't fire me for _!";"1"
"345";"The sequel is here! Get Ready for _2: _.";"2"
"346";"Times have changed, girlfriend. If you want to meet people in New York, you got to be down for _.";"1"
"347";"Unfortunately, no one can be told what _ is. You have to experience it for yourself.";"1"
"348";"What has my life become? I'm jerking off to a video called ""co-ed absolutely destroyed by _.""";"1"
"349";"What sounds great after four margaritas?";"1"
"350";"What's hot, smelly, and about to die?";"1"
"351";"What's secretly a Russian plot to destabilize the West?";"1"
"352";"What's up, YouTube? User DanTheMan wanted to see _, so here we go.";"1"
"353";"Why did the chicken cross the road?";"1"
"354";"Why my mustache smell so bad?";"1"
"355";"Yeah that's so hot. I'm so close. Talk about _ again! OH I'M CUMMING!";"1"
"356";"You can call me David Copperfield, because I'm about to make _ disappear.";"1"
"357";"You city folk would never understand the quiet dignity of _.";"1"
"358";"_? That's a no from me, dawg.";"1"
"359";"16 people. 39 days of _. One Survivor.";"1"
"360";"I couldn't help but wonder. Was ""having it all"" an unattainable myth? Was the secret to a truly happy life just _?";"1"
"361";"Oh my god! _ killed Kenny!";"1"
"362";"Oops! I did it again. I played with _.";"1"
"363";"I like _ and I cannot lie!";"1"
"364";"My anaconda don't want none unless you got _, hun.";"1"
"365";"My homeboys tried to warn me, but _ makes me so horny.";"1"
"366";"_ may pass, but _ will last forever.";"2"
"367";"_ will never be the same after _.";"2"
"368";"""This is madness."" ""No, THIS IS _!""";"1"
"369";"2 AM in the city that never sleeps. The door swings open and she walks in, legs up to here. Something in her eyes tells me she's looking for _.";"1"
"370";"Adventure. Romance. _. From Paramount Pictures, ""_.""";"2"
"371";"And today's soup is Cream of _.";"1"
"372";"And would you like those buffalo wings mild, hot, or _?";"1"
"373";"Armani suit: $1,000. Dinner for two at that swanky restaurant: $300. The look on her face when you surprise her with _: priceless.";"1"
"374";"As king, how will I keep the peasants in line?";"1"
"375";"Behind every powerful man is _.";"1"
"376";"Come to Dubai, where you can relax in our world-famous spas, experience the nightlife, or simply enjoy _ by the poolside.";"1"
"377";"Dammit Gary. You can't just solve every problem with _.";"1"
"378";"Dear Leader Kim Jong-un, our village praises your infinite wisdom with a humble offering of _.";"1"
"379";"Do not fuck with me! I am literally _ right now.";"1"
"380";"Do the Dew with our most extreme flavor yet! Get ready for Mountain Dew _!";"1"
"381";"Do you lack energy? Does it sometimes feel like the whole world is _ ? Ask your doctor about Zoloft.??";"1"
"382";"Don't forget! Beginning this week, Casual Friday will officially become ""_ Friday.""";"1"
"383";"Don't worry kid. It gets better. I've been living with _ for 20 years.";"1"
"384";"Every step towards _ gets me a little bit closer to _.";"2"
"385";"Everybody join hands and close your eyes. Do you sense that? That's the presence of _ in this room.";"1"
"386";"Forget everything you know about _, because now we've supercharged it with _!";"2"
"387";"Get ready for the movie of the summer! One cop plays by the book. The other's only interested in one thing: _.";"1"
"388";"Having the worst day EVER. #_";"1"
"389";"Heed my voice, mortals! I am the god of _ , and I will not tolerate _!";"2"
"390";"Help me doctor, I've got _ in my butt!";"1"
"391";"Here at the Academy for Gifted Children, we allow students to explore _ at their own pace.";"1"
"392";"Hi MTV! My name is Kendra, I live in Malibu, I'm into _, and I love to have a good time.";"1"
"393";"Hi, this is Jim from accounting. We noticed a $1,200 charge labeled ""_."" Can you explain?";"1"
"394";"Honey, I have a new role-play I want to try tonight! You can be _, and I'll be _.";"2"
"395";"How am I compensating for my tiny penis?";"1"
"396";"I am become _, destroyer of _!";"2"
"397";"I don't mean to brag, but they call me the Micheal Jordan of _.";"1"
"398";"I have a strict policy. First date, dinner. Second date, kiss. Third date, _.";"1"
"399";"I work my ass off all day for this family, and this is what I come home to? _!?";"1"
"400";"I'm Miss Tennessee, and if I could make the world better by changing one thing, I would get rid of _.";"1"
"401";"I'm pretty sure I'm high right now, because I""m absolutely mesmerized by _.";"1"
"402";"I'm sorry, Mrs. Chen, but there was nothing we could do. At 4:15 this morning, your son succumbed to _.";"1"
"403";"I'm sorry, sir, but we don't allow _ at the country club.";"1"
"404";"If you can't handle _, you'd better stay away from _.";"2"
"405";"If you had to describe the Card Czar, using only one of the cards in your hand, which one would it be?";"1"
"406";"In his farewell address, George Washington famously warned Americans about the dangers of _.";"1"
"407";"In his new action comedy, Jackie Chan must fend off ninjas while also dealing with _.";"1"
"408";"In return for my soul, the Devil promised me _, but all I got was _.";"2"
"409";"In the beginning, there was _. And the Lord said, ""Let there be _.""";"2"
"410";"It lurks in the night. It hungers for flesh. This summer, no one is safe from _.";"1"
"411";"James is a lonely boy. But when he discovers a secret door in his attic, he meets a magical new friend: _.";"1"
"412";"Life's pretty tough in the fast lane. That's why I never leave the house without _.";"1"
"413";"Listen Gary, I like you. But if you want that corner office, you're going to have to show me _.";"1"
"414";"Man, this is bullshit. Fuck _.";"1"
"415";"My grandfather worked his way up from nothing. When he came to this country, all he had was the shoes on his feet and _.";"1"
"416";"Now in bookstores: ""The Audacity of _"" by Barack Obama.";"1"
"417";"Oprah's book of the month is ""_ For _: A Story of Hope.""";"2"
"418";"Patient presents with _. Likely a result of _.";"2"
"419";"Puberty is a time of change. You might notice hair growing in new places. You might develop an intrest in _. This is normal.";"1"
"420";"She's up all night for good fun. I'm up all night for _.";"1"
"421";"The Japanese have developed a smaller, more efficient version of _.";"1"
"422";"The six things I could never do without: oxygen, Facebook, chocolate, Netflix, friends, and _ LOL!";"1"
"423";"This is America. If you don't work hard, you don't succeed. I don't care if you're black, white, purple, or _.";"1"
"424";"This is the prime of my life. I'm young, hot, and full of _.";"1"
"425";"This year's hottest album is ""_"" by _.";"2"
"426";"To become a true Yanomami warrior, you must prove that you can withstand _ without crying out.";"1"
"427";"To become a true Yanomamo warrior, you must prove that you can withstand _ without crying out.";"1"
"428";"Tonight we will have sex. And afterwards, If you'd like, a little bit of _.";"1"
"429";"We never did find _, but along the way we sure learned a lot about _.";"2"
"430";"Well if _ is good enough for _, it's good enough for me.";"2"
"431";"Well what do you have to say for yourself, Casey? This is the third time you've been sent to the principal's office for _.";"1"
"432";"Wes Anderson's new film tells the story of a precocious child coming to terms with _.";"1"
"433";"What killed my boner?";"1"
"434";"What's fun until it gets weird?";"1"
"435";"What's making things awkward in the sauna?";"1"
"436";"When I was a kid, we used to play Cowboys and _.";"1"
"437";"WHOOO! God damn I love _!";"1"
"438";"Why am I broke?";"1"
"439";"Why won't you make love to me anymore? Is it _?";"1"
"440";"Y'all ready to get this thing started? I'm Nick Cannon, and this is America's Got _.";"1"
"441";"Yo' mama's so fat she _!";"1"
"442";"You are not alone. Millions of Americans struggle with _ every day.";"1"
"443";"You guys, I saw this crazy movie last night. It opens on _, and then there's some stuff about _, and then it ends with _.";"3"
"444";"You know, once you get past _, _ ain't so bad.";"2"
"445";"You Won't Believe These 15 Hilarious _ Bloopers!";"1"
"446";"You've seen the bearded lady! You've seen the ring of fire! Now, ladies and gentlemen, feast your eyes upon _!";"1"
"447";"Air Force fuckery is getting so bad that the brass are starting to blame _ on the lack of discipline.";"1"
"448";"CTV presents _, the story of _.";"2"
"449";"In an attempt to reach a wider audience, the Royal Ontario Museum has opened an interactive exhibit on _.";"1"
"450";"Next season on Celebrity Apprentice: _.";"1"
"451";"O say, does _ yet wave o'er the land of the fre and the home of the brave?";"1"
"452";"The Royal Ontario Museum has just opened an interactive exhibit on _.";"1"
"453";"What's the crustiest?";"1"
"454";"When I am Prime Minister of Canada, I will create the Ministry of _.";"1"
"455";"All classes today are cancelled due to _.";"1"
"456";"Did you know? Our college was recently named the #1 school for _!";"1"
"457";"In this paper, I will explore _ from a feminist perspective.";"1"
"458";"My memory of last night is pretty hazy. I remember _ and that's pretty much it.";"1"
"459";"Pledges! Time to prove you're Delta Phi material. Chug this beer, take off your shirts, and get ready for _.";"1"
"460";"The Department of Psychology is looking for paid research volunteers. Are you 18-25 and suffering from _.";"1"
"461";"_? No.";"1"
"462";"Alright, which one of you little terds is responsible for _?!";"1"
"463";"At school, I'm just Mandy. But at summer camp, I'm ""_ Mandy.""";"1"
"464";"Attention students. This is Principal Butthead. Please remember that we do not alow _ in the hallway. Thank you.";"1"
"465";"Beep beep! _ coming through!";"1"
"466";"Before I attend your sleepover, I must inform you: toys vore me, and I don't care for sweets. I prefer _.";"1"
"467";"Bow before me, for I am the Queen of _!";"1"
"468";"Boys? No. _? Yes!";"1"
"469";"CHUNGO FEEL SICK. CHUNGO NO LIKE _ ANYMORE.";"1"
"470";"Class, pay close attention. I will now demonstrate the physics of _.";"1"
"471";"Come on, Danny. All the cool kids are doin' it. Wanna try _?";"1"
"472";"Come with me, and I will show you a world of _.";"1"
"473";"Coming soon! Batman vs. _.";"1"
"474";"Coming to theaters this holiday season, ""Star Wars: The Rise of _.""";"1"
"475";"Did you know that Benjamin Franklin invented _?";"1"
"476";"ENOUGH! I will not let _ tear this family apart!";"1"
"477";"Ew. Grandpa smells like _.";"1"
"478";"Foolish child! Did you think you could escape from _?";"1"
"479";"Guys, stop it! There's nothing funny about _.";"1"
"480";"Hey guys. I just want to tell all my followers who are struggling wit _: it DOES get better.";"1"
"481";"Hey, check out my band! We're called ""Rage Against _.""";"1"
"482";"Hey, kids. I'm Sensei Todd. Today, I'm gonna teach you how to defend yourself against _.";"1"
"483";"Huddle up, Wildcats! They may be bigger. They may be faster. But we've got a secret weapon: _.";"1"
"484";"I don't really know what my mom's job is, but I think it has something to do with _.";"1"
"485";"I have invented a new sport. I call it ""_ ball.""";"1"
"486";"I lost my arm in a _ accident.";"1"
"487";"Isn't this great, honey? Just you, me, the kids, and _.";"1"
"488";"It's BIG. It's SCARY. It's _!";"1"
"489";"James Bond will return in ""No Time for _.""";"1"
"490";"Joey, look out behind you! It's _!";"1"
"491";"Kids, Dad is trying something new this week. It's called ""_"".";"1"
"492";"Ladies and gentlemen, I have discovered something amazing. I have discovered _.";"1"
"493";"Madam President, we've run out of time. The only option is _.";"1"
"494";"Me and my friends don't play with dolls anymore. We're into _ now.";"1"
"495";"ME HUNGRY. ME WANT _.";"1"
"496";"Mom? You have to come pick me up! There's _ at this party.";"1"
"497";"Moms love _.";"1"
"498";"My dad and I enjoy _ together.";"1"
"499";"My favorite book is ""The Amazing Adventures of _.""";"1"
"500";"MY NAME IS CHUNGO. CHUNGO LOVE _.";"1"
"501";"My name is Peter Parker. I was bitten by a radioactive spider, and now I'm _.";"1"
"502";"Never fear, Captain _ is here!";"1"
"503";"New from Mattel! It's BUNGO: The Game of _.""";"1"
"504";"Next from J.K. Rowling: Harry Potter and the chamber of _.";"1"
"505";"Now in bookstores: Nancy Drew and the Mystery of _.";"1"
"506";"Oh Dark Lord, we show out devotion with a humble offering of _!";"1"
"507";"Oh, no thank you, Mrs. Lee. I've had plenty of _ for now.";"1"
"508";"One nation, under God, indivisible, with liberty and _ for all.";"1"
"509";"Outback Steakhouse: No rules. Just _.";"1"
"510";"Police! Arrest this man! He's _!";"1"
"511";"Run, run, as fast as you can. You can't catch me, I'm _!";"1"
"512";"Shut up, Becky! At least I'm not _.";"1"
"513";"Thanks for watching! IF you want to seee more vids of _, smash that subscribe.";"1"
"514";"The easiest way to tell me and my twin apart is that I have a freckle on my cheek and she's _.";"1"
"515";"The warm August air was filled with change. Things were different, for Emily was now _.";"1"
"516";"There's nothing better than a peanut butter and _ sandwich.";"1"
"517";"They call me ""Mr. _.""";"1"
"518";"This is gonna be the best sleepover ever. Once Mom and Dad go to bed, it's time for _!";"1"
"519";"Time to put on my favorite t-shirt, the one that says ""I heart _.""";"1"
"520";"Today we honor St. Mungo, the patron saint of _.";"1"
"521";"We're off to see the wizard, the wonderful wizard of _!";"1"
"522";"Well, look at what we have here! A big fancy man walkin' like he's _.";"1"
"523";"What killed Old Jim?";"1"
"524";"What's about to take this school to the next level?";"1"
"525";"When i pooped, what came out?";"1"
"526";"Where in the world is _?";"1"
"527";"Whoa there, partner! Looks like _ spooked my horse.";"1"
"528";"You don't love me, Sam. All you care about is _.";"1"
"529";"And what did you bring for show and tell?";"1"
"530";"Art isn't just a painting in a stuffy museum. Art is alive. Art is _.";"1"
"531";"Do the Mahi, get _.";"1"
"532";"Do you lack energy? Does it sometimes feel like the whole world is _? Zoloft.";"1"
"533";"Don't get me wrong I think what Hitler did and stood for is horrible but you have to admit he was was spot on about _.";"1"
"534";"Get rich or die _.";"1"
"535";"Having tired of poetry and music, the immortal elves now fill their days with _.";"1"
"536";"Hell hath no fury like _.";"1"
"537";"HELP WANTED: Need assistance with _. No experience necessary.";"1"
"538";"Here is the church Here is the steeple Open the doors And there is _.";"1"
"539";"Hi, this is Jim from accounting. We noticed a $1,200 charge labeled ""_."" Can you explain?";"1"
"540";"Hidden behing the Mona Lisa, scientists recently found Da Vinci's original subject: _.";"1"
"541";"I don't need to hold onto my youth, I just love _.";"1"
"542";"In his final interview, Robin Williams discussed his private battle with _.";"1"
"543";"In his new book, author David Sedaris details his life-long love affair with _.";"1"
"544";"Lifetime?? presents _ - the story of _.";"2"
"545";"Now in bookstores: Nancy Drew and the Mystery of _.";"1"
"546";"Patient presents with _ . Likely a result of _.";"2"
"547";"Well if you'll excuse me, gentlemen, I have a date with _.";"1"
"548";"Well, look at what we have here! A big fancy man walkin' like he's _.";"1"
"549";"What killed Old Jim?";"1"
"550";"What's Mom's best friend?";"1"
"551";"Whos afraid of the big bad _.";"1"
"552";"Why am I in jail?";"1"
"553";"Yorkville's latest fad diet is called _";"1"
"554";"An international tribunal has found _ guilty of _.";"2"
"555";"And I would have gotten away with it, too, if it hadn't been for _!";"1"
"556";"Awww, sick! I just saw this skater do a 720 kickflip into _!";"1"
"557";"Dear Substitute Teacher, could you please stop _?";"1"
"558";"DOCTOR: What seems to be the problem? YOU:  _.";"1"
"559";"Future Historians will agree that _ marked the beginning of America's decline.";"1"
"560";"He who controls _ controls the world.";"1"
"561";"I left Hamilton because I heard about _'s obsession with _.";"2"
"562";"In a pinch, _ can be a suitable substitute for _.";"2"
"563";"In his new summer comedy, Rob Schneider is _ trapped in the body of _.";"2"
"564";"In its new tourism campaign, Detroit proudly proclaims that it has finally eliminated _.";"1"
"565";"In some cultures, _ is considered a good omen.";"1"
"566";"In the distant future, historians will agree that _ marked the beginning of America's decline.";"1"
"567";"Michael Bay's new three-hour action epic pits _ against _.";"2"
"568";"My porn-star name would be _; and I'm famous for _.";"2"
"569";"Next season on Man vs, Wild, Bear Grylls must survive the depths of the Amazon with only _ and his wits.";"1"
"570";"Next week on Discovery Channel, one man must survive in the depths of the Amazon with only _ and his wits.";"1"
"571";"Science will never explain the origin of _.";"1"
"572";"Science will never explain the origin of _.";"1"
"573";"The CIA now interrogates enemy agents by repeatedly subjecting them to _.";"1"
"574";"The secret to getting your adopted African street dog back into the United States is _.";"1"
"575";"The socialist governments of Scandinavia have declared that access to _ is a basic human right.";"1"
"576";"This season on Man vs. Wild, Bear Grylls must survive in the depths of the Amazon with only _ and his wits.";"1"
"577";"What came in the mail today?";"1"
"578";"What has been seen cannot be unssen! I just witnessed _.";"1"
"579";"What's the gift that keeps on giving?";"1"
"580";"When asked about the biggest threat facing the nation, 60% of Americans said _.";"1"
"581";"When i pooped, what came out?";"1"
"582";"_ melts in your mouth, not in your hand.";"1"
"583";"_ will win you the Mom of the Year award every time.";"1"
"584";"2 fish, 4 potato fritters, 1 scoop of chips and _, crumbled if possible.";"1"
"585";"Affordable healthcare's not the answer.  Only _ can end America's opioid epidemic.";"1"
"586";"Alright, bros. Our frat house is condemned, and all the hot slampieces are over at Gamma Phi. The time has come to commence Operation _.";"1"
"587";"As long as my kid doesn't grow up to be _, I'm happy.";"1"
"588";"Dammit, Gary.  You can't just solve every problem with _.";"1"
"589";"Dear Mom and Dad, Camp is fun. I like capture the flag. Yesterday, one of the older kids taught me about _. I love you, Casey";"1"
"590";"Do not go gentle into that good night. Rage, rage against _?";"1"
"591";"Every Sunday ""Insert Name"" goes to market to sell _, and every time comes home with Magic Beans.";"1"
"592";"Forget Fifty Shades of Grey... Give me Fifty Shades of _!";"1"
"593";"Honey, I have good news, and bad news.  The good news is that I'm _.  The bad news is that I'm _.";"2"
"594";"How am I going to kill myself?";"1"
"595";"I am become _, the destroyer of worlds.";"1"
"596";"I'm pretty sure I'm high right now, because I'm absolutely mesmerized by _.";"1"
"597";"I'm sorry, this table is reserved for _.";"1"
"598";"If you can't love yourself, how the hell you gonna love _?";"1"
"599";"In Rome, there are whisperings that the Vatican has a secret room devoted to _.";"1"
"600";"In the category _, the first prize is awarded to _.";"2"
"601";"It makes me sad to think about?";"1"
"602";"Many questioned the Smithsonian's decision to feature an exhibit devoted to _.";"1"
"603";"Other parents worry about _ but I stress over _.";"2"
"604";"She's a lady in the streets, _ in the sheets.";"1"
"605";"The Juice is loose.  And by Juice I mean _.";"1"
"606";"This is the way the world ends This is the way the world ends Not with a bang but with _.";"1"
"607";"This year's trendiest card game: ""_ Against _.""";"2"
"608";"We played baseball with _.";"1"
"609";"Wes Anderson's new movie is a whimsical look at _ starring _.";"2"
"610";"What's going on with your female servicemembers?";"1"
"611";"You guys, you can buy _ on the dark web.";"1"
"612";"Young lady, you better knock it off with _ or you're grounded!";"1"
"613";"_ be all like _.";"2"
"614";"_: Brought to you by _.";"2"
"615";"Art isn't just a painting in a stuffy museum. Art is alive. Art is _.";"1"
"616";"As reparations for slavery, all African Americans will receive _.";"1"
"617";"As Teddy Roosevelt said, the four manly virtues are honor, temperance, industry, and _.";"1"
"618";"Best you go back where you came from, now. We don't take too kindly to _ in these parts.";"1"
"619";"CNN breaking news! Scientists discover _.";"1"
"620";"Coming to Red Lobster?? this month, _.";"1"
"621";"Congratulations! You have been selected for our summer internship program. While we are unable to offer a salary, we can offer you _.";"1"
"622";"Dance like there's nobody watching, love like you'll never be hurt, and live like you're _.";"1"
"623";"Errbody in the club _.";"1"
"624";"Feeling so grateful! #amazing #mylife #_.";"1"
"625";"Girls just wanna have _.";"1"
"626";"Google Calendar alert: _ in 10 minutes.";"1"
"627";"I don't believe in God. I believe in _.";"1"
"628";"I got rhythm, I've got music, I've got _. Who could ask for anything more?";"1"
"629";"I may not be much to look at, but I fuck like _.";"1"
"630";"I tell you, it was a non-stop fuckfest. When it was over, my asshole looked like _.";"1"
"631";"I'll take the BBQ bacon burger with friend egg and fuck it how about _.";"1"
"632";"I'm sorry, sir, but your insurance plan doesn't cover injuries caused by _.";"1"
"633";"I've had a horrible vision, father. I saw mountains crumbling, stars falling from the sky. I saw _.";"1"
"634";"If at first you don't succeed, try _.";"1"
"635";"In the 1950s, psychologists prescribed _ as a cure for homosexually.";"1"
"636";"LSD + _ = really bad time.";"1"
"637";"Mom's to-do list:  * Buy Groceries  * Clean up _.  * Soccer Practice.";"1"
"638";"Most Americans would not vote for a candidate who is openly _.";"1"
"639";"No, no, no, no, no, no, NO! I will NOT let _ ruin this wedding.";"1"
"640";"Oh no! Siri, how do I fix _?";"1"
"641";"One more thing. Watch out for Big Mike. They say he killed a man with _.";"1"
"642";"Ooo, daddy like _.";"1"
"643";"Poor Brandon, still living in his parent's basement. I heard he never got over _.";"1"
"644";"Run, run, as fast as you can! You can't catch me, I'm _!";"1"
"645";"She's a lady in the streets, _ in the sheets.";"1"
"646";"She's just one of the guys, you know? She likes beer, and football, and _.";"1"
"647";"Son, take it from someone who's been around the block a few times. Nothin' puts her in the mood like _.";"1"
"648";"Summer lovin', had me a blast. _, happened so fast.";"1"
"649";"The top Google auto-complete results for ""Barack Obama"": Barack Obama Height. Barack Obama net worth. Barack Obama _.";"1"
"650";"Then the princess kissed the frog, and all of a sudden the frog was _!";"1"
"651";"There is no God. It's just _ and then you die.";"1"
"652";"This Friday at the Liquid Lunge, it's _ Night! Ladies drink free.";"1"
"653";"We do not shake with our left hands in this country. That is the hand we use for _.";"1"
"654";"Well if _ is a crime, then lock me up!";"1"
"655";"Well, shit. My eyes ain't so good, but I'll eat my own boot if that ain't _!";"1"
"656";"What are all those whales singing about?";"1"
"657";"What sucks balls?";"1"
"658";"What totally destroyed my asshole?";"1"
"659";"What turned me into a Republican?";"1"
"660";"What will end racism once and for all?";"1"
"661";"What's a total waste of Hillary Clinton's time?";"1"
"662";"What's about to take dance floor to the next level?";"1"
"663";"What's the gayest?";"1"
"664";"What's the most problematic?";"1"
"665";"Why am I laughing and crying and taking off my clothes?";"1"
"666";"With a one-time gift of just $10, you can save this child from _.";"1"
"667";"You know who else liked _? Hitler.";"1"
"668";"You won't believe what's in my pussy. It's _.";"1"
"669";"HELP WANTED: Need assistance with _. No experience necessary.";"1"
"670";"Oh, whoops! These are not the right pants for _.";"1"
"671";"You want _? You can't handle _[SAME CARD AGAIN]_!";"3"
"672";"Do not go gentle into that good night. Rage, rage against _?";"1"
"673";"Sure, sex is great, but have you tried _?";"1"
"674";"Channel 4 presents ""_: the Story of _.""";"2"
"675";"Dear Agony Aunt, I'm having some trouble with _ and would like your advice.";"1"
"676";"Hey guys, welcome to TGI Fridays! Would you like to start the night off right with _?";"1"
"677";"Mate, do not go in that toilet. There's _ in there.";"1"
"678";"This season at the Old Vic, Samuel Beckett's classic existential play: Waiting for _.";"1"
"679";"_ would only happen in my worst nightmares.";"1"
"680";"_: Hours of fun. Easy to use. Perfect for _!";"2"
"681";"_. Betcha can't have just one!";"1"
"682";"A romantic candlelit dinner would be incomplete without _.";"1"
"683";"A superior officer approaches. You salute and say _, and they respond with _.";"2"
"684";"after my grandma passed gas, she learned over to my grandpa and said _";"1"
"685";"And I would have gotten away with it, too, if it hadn't been for _.";"1"
"686";"And what do we say to the God of Death?";"1"
"687";"As part of his contract, Prince won't perform without _ in his dressing room.";"1"
"688";"As part of his daily regimen, Anderson Cooper sets aside 15 minutes for _.";"1"
"689";"Awww, sick! I just say this skater do a 720 kickflip into _!";"1"
"690";"Before 1 year of age, the baby should be careful to avoid _.";"1"
"691";"Before kids, I never thought about _.";"1"
"692";"Call the law offices of Goldstein & Goldstein, because no one should have to tolerate _ in the workplace.";"1"
"693";"Charlie and the chocolate _.";"1"
"694";"Dear Substitute Teacher, could you please stop _?";"1"
"695";"DOCTOR: What seems to be the problem? YOU:  _.";"1"
"696";"During high school I never really fit in until I found _ club.";"1"
"697";"During his short-lived boxing career, the Messiah fought under the name Jesus ""_"" Christ.";"1"
"698";"Find a _ and pick it up, and all the day you'll have good luck.";"1"
"699";"Future Historians will agree that _ marked the beginning of America's decline.";"1"
"700";"Having sex with Hillary is like having sex with _.";"1"
"701";"Hey baby, come back to my place and I'll show you _.";"1"
"702";"I left Hamilton because I heard about _'s obsession with _.";"2"
"703";"I love being a mom. But it's tough when my kids come home filthy from _. That's why there's Tide??.";"1"
"704";"I spy with my little eye _.";"1"
"705";"I went in for a loan and the banker told me _";"1"
"706";"I'm sorry, sir, but your insurance plan doesn't cover injuries caused by _.";"1"
"707";"If God offered me the afterlife of my choice, I would wrap myself in razor wire and _.";"1"
"708";"in a public restroom, someone in the stall next to you grunts _";"1"
"709";"In his new summer comedy, Rob Schneider is _ trapped in the body of _.";"2"
"710";"In his next movie, Rob Schneider is _.";"1"
"711";"In its new tourism campaign, Soweto proudly proclaims that it has finally eliminated _.";"1"
"712";"In some cultures, _ is considered a good omen.";"1"
"713";"In the UK it's now socially acceptable to have _ in public";"1"
"714";"Legend has it Prince wouldn't perform without _ in his dressing room.";"1"
"715";"Listen, son. If you want to get involved with _, I won't stop you. Just steer clear of _.";"2"
"716";"Live from Universal Studios, it's America's favorite game show! ""_ or _?""";"2"
"717";"Loyalty, Duty, Respect, Selfless, Service, Honor, Integrity, Personal Courage, and _: the newest Army Value.";"1"
"718";"Men are from Mars.  Woman are from _.";"1"
"719";"Michelangelo's newest painting is titled _.";"1"
"720";"Money from state lotteries goes to _ to buy _.";"2"
"721";"My cousin got kicked out of the house after she brought home _.";"1"
"722";"My gym teacher got fired for adding _ to the obstacle course.";"1"
"723";"My life is ruled by a vicious cycle of _ and _.";"2"
"724";"My mom is so happy when I visit, but I'm only there to be _.";"1"
"725";"My new favorite sexual position is _.";"1"
"726";"My porn-star name would be _; and I'm famous for _.";"2"
"727";"Next to ISIS, the biggest threat to global security is _.";"1"
"728";"Next week on the Discovery Channel, one man must survive in the depths of the Amazon with only _ and his wits.";"1"
"729";"Only you can prevent _.";"1"
"730";"Science will never explain the origin of _.";"1"
"731";"The Blues have as much chance of winning as _ has at getting laid.";"1"
"732";"The CIA reports that Russia is spending billions to influence _.";"1"
"733";"The Four Horsemen of the Apocalypse: Pestilence, War, Famine, and _.";"1"
"734";"The hills are alive with the sound of _.";"1"
"735";"The secret to getting your adopted African street dog back into the United States is _.";"1"
"736";"This is your pilot speaking. Please prepare for _.";"1"
"737";"This morning when you woke up next to me I thought _.";"1"
"738";"To prepare for his upcoming role, Daniel Day-Lewis immersed himself in the world of _.";"1"
"739";"Tonight on Police 10 7 we're chasing _, rumoured to be responsible for _.";"2"
"740";"Twas the night before Christmas, and all through the house, not a creature was stirring, not even _.";"1"
"741";"Welcome to Senor Frog's! Would you like to try our signature cocktail, ""_ on the Beach""?";"1"
"742";"What came in the mail today?";"1"
"743";"What has been seen cannot be unssen! I just witnessed _.";"1"
"744";"What made me this way?";"1"
"745";"What's holding you back from achieving your dreams?";"1"
"746";"When asked about the biggest threat facing the nation, 60% of Americans said _.";"1"
"747";"When i pooped, what came out?";"1"
"748";"When you go to the polls on Tuesday, remember:  a vote for me is a vote for _.";"1"
"749";"With every year that passes, I find it harder and harder to be _.";"1"
"750";"You hear the craziest stuff in methadone clinic lineups, this morning I overheard ""Insert Name"" having a heated conversations about _.";"1"
"751";"Your security clearance has been suspended beause of your shameful past involving _.";"1"
"752";"_ would be woefully incomplete without _.";"2"
"753";"A remarkable new study has shown that chimps have evolved their own primitive version of _.";"1"
"754";"After months of debate, the Occupy Wall Street General Assembly could only agree on ""More _!""";"1"
"755";"Before _, all we had was _.";"2"
"756";"Before I run for president, I must destroy all evidence of my involvement with _.";"1"
"757";"Charades was ruined for me forever when my mom had to act out _.";"1"
"758";"During his midlife crisis, my dad got really into _.";"1"
"759";"Everyone down on the ground! We don't want to hurt anyone. We're just here for _.";"1"
"760";"I spent my whole life working toward _, only to have it ruined by _.";"2"
"761";"I went from _ to _, all thanks to _.";"3"
"762";"If God didn't want us to enjoy _, he wouldn't have given us _.";"2"
"763";"In his newest and most difficult stunt, David Blaine must escape from _.";"1"
"764";"Little Miss Muffet Sat on a tuffet, Eating her curds and _.";"1"
"765";"Members of New York's social elite are paying thousands of dollars just to experience _.";"1"
"766";"My country, 'tis of thee, sweet land of _.";"1"
"767";"My mom freaked out when she looked at my browser history and found _.com/_.";"2"
"768";"My new favorite porn star is Joey ""_"" McGee.";"1"
"769";"Next time on Dr. Phil: How to talk to your child about _.";"1"
"770";"Only two things in life are certain: death and _.";"1"
"771";"The Five Stages of Grief: denial, anger, bargaining, _, acceptance.";"1"
"772";"The healing process began when I joined a support group for victims of _.";"1"
"773";"The votes are in, and the new high school mascot is _.";"1"
"774";"This is your captain speaking. Fasten your seatbelts and prepare for _.";"1"
"775";"This month's Cosmo: ""Spice up your sex life by bringing _ into the bedroom.""";"1"
"776";"Tonight on 20/20: What you don't know about _ could kill you.";"1"
"777";"What's harshing my mellow, man?";"1"
"778";"You haven't truly lived until you've experienced _ and _ at the same time.";"2"
"779";"Your persistence is admirable, my dear Prince. But you cannot win my heart with _ alone.";"1"
"780";"""This workplace has been 0 days without _.""";"1"
"781";"Angelina Jolie will now be special envoy for _.";"1"
"782";"Behind every successful man is _.";"1"
"783";"Come to Toronto for the _, stay for the _";"2"
"784";"Don't worry, _ is not as hard as it seems.";"1"
"785";"Everyday has 86,400 seconds. And I'm always a second away from _.";"1"
"786";"I have an agreement with my significant other, if we meet _, I am allowed to have sex with them with no consequences.";"1"
"787";"I went to the desert and ate of the peyote cactus. Turns out my spirit animal is _.";"1"
"788";"I would be on board with Scientology if it weren't for _.";"1"
"789";"I'm never going to be rich and famous because I'm too busy _.";"1"
"790";"I'm sorry, Professor, but I couldn't complete my homework because of _.";"1"
"791";"If you had to pay me for sex, what would you do first? _.";"1"
"792";"Jellicle Cats come out tonight, Jellicle Cats come one, come all, the time for _ is now, Jellicles come to the Jellicle Ball.";"1"
"793";"Listen son, your mother and I are getting a divorce, and it's because of _.";"1"
"794";"My grandkids need _.";"1"
"795";"Puff the Magic _.";"1"
"796";"The six things I could never do without: oxygen, facebook, chocolate, netflix, friends, and _ LOL!";"1"
"797";"This is an absolutely hilarious video. Please share it! #_";"1"
"798";"To boost morale after Hurricane Harvey, President Trump gave a guy in a pick-up truck _.";"1"
"799";"Tonight's Final Jeopardy category is _.";"1"
"800";"When I was a little girl I always wanted to _.";"1"
"801";"Why would I want _ stuffed down my throat?";"1"
"802";"YAAAAAAS! You are serving me _ realness!";"1"
"803";"You are under arrest for _, again!";"1"
"804";"You like my cupcakes? I made them myself. The secret ingredient is _.";"1"
"805";"You won't find this in textbooks, but _ is the real reason the US entered World War II.";"1"
"806";"_: I volunteer as tribute!";"1"
"807";"_. Betcha can't have just one!";"1"
"808";"A superior officer approaches. You salute and say _, and they respond with _.";"2"
"809";"after my grandma passed gas, she learned over to my grandpa and said _";"1"
"810";"And what do we say to the God of Death?";"1"
"811";"As part of his daily regimen, Anderson Cooper sets aside 15 minutes for _.";"1"
"812";"As part of its hazing process, the frat forced its recruits to try _.";"1"
"813";"Calm down, dear, it's only _.";"1"
"814";"During his childhood, Salvador Dali produced hundreds of paintings of _.";"1"
"815";"Find a _ and pick it up, and all the day you'll have good luck.";"1"
"816";"Having sex with Hillary is like having sex with _.";"1"
"817";"Hey Chardonnay, wanna see _.";"1"
"818";"I'm sorry, sir, but your insurance plan doesn't cover injuries caused by _.";"1"
"819";"In the UK it's now socially acceptable to have _ in public";"1"
"820";"Little Boy Blue go blow your _.";"1"
"821";"Loyalty, Duty, Respect, Selfless, Service, Honor, Integrity, Personal Courage, and _: the newest Army Value.";"1"
"822";"Money from state lotteries goes to _ to buy _.";"2"
"823";"My heart skipped a beat when he took my hand, leaned in close, and whispered ""_.""";"1"
"824";"My love for you is like _: peaceful and deep.";"1"
"825";"The Blues have as much chance of winning as _ has at getting laid.";"1"
"826";"To protect the integrity of our democracy, voting booths in 2020 will be monitored by _.";"1"
"827";"Twas the night before Christmas, and all through the house, not a creature was stirring, not even _.";"1"
"828";"What made me this way?";"1"
"829";"When you go to the polls on Tuesday, remember:  a vote for me is a vote for _.";"1"
"830";"With every year that passes, I find it harder and harder to be _.";"1"
"831";"_? Jim'll fix it!";"1"
"832";"_. That's why mums go to Iceland.";"1"
"833";"_. Once you pop, the fun don't stop!";"1"
"834";"And the Lord said, ""Let there be _"". And it was GOOD.";"1"
"835";"Channel 5's new reality show features eight washed-up celebrities living with _.";"1"
"836";"Channel 9 is pleased to present its new variety show, ""Hey Hey It's _.""";"1"
"837";"Coming to the West End this year, _: The Musical.";"1"
"838";"Dear Allah, if I promise to stop _ will you let me into heaven and give me 72 virgins?";"1"
"839";"In high school, I was popular with the football team for _.";"1"
"840";"In Wormwood Scrubs, word is you can trade 200 cigarettes for _.";"1"
"841";"Next on Sky Sports: The World Championship of _.";"1"
"842";"Nobody expects the Spanish Inquisition! Our chief weapons are fear, surprise, and _.";"1"
"843";"TFL apologizes for the delay in train service due to _.";"1"
"844";"The Natural History Museum has just opened an interactive exhibit on _.";"1"
"845";"The theme for our senior prom will be _.";"1"
"846";"Today we honor St. Mungo, the patron saint of _.";"1"
"847";"What are the 3 secrets for a long and happy marriage?";"1"
"848";"What did I bring back from Bali?";"1"
"849";"What killed Mister Rogers?";"1"
"850";"When I am Prime Minister of the United Kingdom, I will create the Ministry of _.";"1"
"851";"""They're bringing drugs. They're bringing crime. They're rapists. And some, I assume, are _.""";"1"
"852";"Cry havoc and let slip _!";"1"
"853";"Now is the winter of our discontent, made glorious summer by _.";"1"
"854";"The fault, dear Brutus, is not in our stars, but in _.";"1"
"855";"We want a pitcher, not _!";"1"
"856";"When asked about the biggest threat facing the nation, 60% of Americans said _.";"1"
"857";"You see, son, baseball is like _. Don't overthink it.";"1"
"858";"Hallmark has invented a new holiday. It's called ""_ Day.""";"1"
"859";"Happy Birthday! I love you. Here's _.";"1"
"860";"Honey, it's gonna take more than a shitty greeting card to make up for ten years of _.";"1"
"861";"I cannot stop smiling about _.";"1"
"862";"Roses are red. Violets are blue. I am _ and so are you.";"1"
"863";"Coming up on Turner Classic Movies: Sean Connery and Alec Baldwin star in ""The Hunt for _.""";"1"
"864";"FW: re: FBI WARNING!!! VIOLENT GANGS USING _ TO RECRUIT CHILDREN!";"1"
"865";"Hey, kids. I'm Connor's dad, but you can call me Mr. _.";"1"
"866";"So apparently Dad was searching Pornhub for ""hot milf _.""";"1"
"867";"Whaddya think, money grows on trees? I'm not paying for _!";"1"
"868";"Young lady, you better knock it off with _ or you're grounded!";"1"
"869";"Desert Bus: _ for the children.";"1"
"870";"I bless _ down in Africa.";"1"
"871";"Ken ""_"" Steacy went back into his archives and found his original sketches for _.";"2"
"872";"The four shifts at Desert Bus: Dawn Guard, Alpha Flight, Night Watch and _.";"1"
"873";"YOU try explaining _ to the media!";"1"
"874";"And in the end, the dragon was not evil; he just wanted _.";"1"
"875";"Critics are raving about HBO's new Game of Thrones spin-off, ""_ of _.""";"2"
"876";"Having tired of poetry and music, the immortal elves now fill their days with _.";"1"
"877";"Legend tells of a princess who has been asleep for a thousand years and can only be awoken by _.";"1"
"878";"Who blasphemes and bubbles at the center of all infinity, whose name no lips dare speak aloud, and who gnaws hungrily in inconceivable, unlighted chambers beyond time?";"1"
"879";"Your father was a powerful wizard, Harry. Before he died, he left you something very precious: _.";"1"
"880";"Before swallowing his pride and a cyanide pill, Adolf whispered to Eva, ""Sorry about _"".";"1"
"881";"Leni Riefenstahl's last movie was called Triumph of _.";"1"
"882";"Aw babe, your burbs smell like _.";"1"
"883";"Don`t fear failure fear _";"1"
"884";"Excuse me, waiter. Could you take this back? This soup tastes like _.";"1"
"885";"I'm Bobby Flay, and if you can't stand _. get out of the kitchen!";"1"
"886";"It's not delivery. It's _.";"1"
"887";"Now on Netflix: Jiro Dreams Of _.";"1"
"888";"_ is way better in _ mode.";"2"
"889";"_: Achievement unlocked.";"1"
"890";"(Heavy breathing) Luke, I am _.";"1"
"891";"Press ??? ??? ??? ??? B to unleash _.";"1"
"892";"What made Spock cry?";"1"
"893";"What's the latest bullshit that's troubling this quaint fantasy town?";"1"
"894";"If Mike Pence could dream, he would dream about _.";"1"
"895";"What will finally make me care?";"1"
"896";"A wise man said, ""Everything is about sex. Except sex. Sex is about _.""";"1"
"897";"Because you enjoyed _, we thought you'd like _.";"2"
"898";"Cancel all my meetings. We've got a situation with _ that requires my immediate attention.";"1"
"899";"Corruption. Betrayal. _. Coming soon to Netflix, ""House of _.""";"2"
"900";"I can't believe Netflix is using _ to promote House of Cards.";"1"
"901";"I'm not going to lie. I despise _. There, I said it.";"1"
"902";"If you need him to, Remy Danton can pull some strings and get you _, but it'll cost you.";"1"
"903";"Our relationship is strictly professional. Let's not complicate things with _.";"1"
"904";"We're not like other news organizations. Here at Slugline, we welcome _ in the office.";"1"
"905";"When Jack White performed at the Aragon Ballroom in Chicago on Nov. 19, 2018, he surprised fans with _.";"1"
"906";"According to Freud, all children progress through three stages of development: the oral stage, the anal stage, and the _ stage.";"1"
"907";"Can't you see? The Jews are behind everything-the banks, the media, even _!";"1"
"908";"Coming to Broadway next season: ""_ on the Roof.""";"1"
"909";"Oh, your daughter should meet my son! He gives to charity, he loves _ and did I mention he's a doctor?";"1"
"910";"What's so important right now that you can't call your mother?";"1"
"911";"Coming this spring from BioWare, Mass Effect: _.";"1"
"912";"I'm Commander Shepard, and this is my favorite place for _ on the Citadel.";"1"
"913";"It turns out the Reapers didn't want to destroy the galaxy. They just wanted _.";"1"
"914";"We were the two best hand-to-hand combatants on the ship. I had reach, but she had _.";"1"
"915";"Did not enjoy _. One star.";"1"
"916";"_: Has science gone too far?";"1"
"917";"Daddy, why is Mommy crying?";"1"
"918";"Dear Agony Aunt, I'm having some trouble with _ and I need your advice.";"1"
"919";"I dropped my cellphone in the _ and now it won't work anymore.";"1"
"920";"Who ate my _ again?";"1"
"921";"I have an idea even better than Kickstarter, and it's called _starter.";"1"
"922";"You have been waylaid by _ and must defend yourself.";"1"
"923";"Action stations! Action stations! Set condition one throughout the fleet and brace for _!";"1"
"924";"In the final round of this year's Omegathon, Omeganauts must face off in a game of _.";"1"
"925";"I don't know exactly how I got the PAX plague, but I suspect it had something to do with _.";"1"
"926";"Priests think about _ in their free time.";"1"
"927";"_ is way too much responsibility for me.";"1"
"928";"(insert name) died when _.";"1"
"929";"Unfortunately, Neo, no one can be told what _ is. You have to see it for yourself.";"1"
"930";"What the hell?! They added a 6/6 with flying, trample and _.";"1"
"931";"You think you have defeated me? Well, let's see how you handle _.";"1"
"932";"_ was totally worth the trauma.";"1"
"933";"Let me tell you about my new startup. It's basically _, but for _.";"2"
"934";"_: Ain't nobody got time for that!";"1"
"935";"In the new DLC for Mass Effect, Shepard must save the galaxy from _.";"1"
"936";"No Enforcer wants to manage the panel on _.";"1"
"937";"The most controversial game at PAX this year is an 8-bit indie platformer about _.";"1"
"938";"There was a riot at the Gearbox panel when they gave the attendees _.";"1"
"939";"What made the whole wedding so awkward?";"1"
"940";"What's the latest cargo on the secret military space shuttle?";"1"
"941";"Bob Ross's little-known first show was called ""The Joy of _.""";"1"
"942";"Buzzfeed presents: 10 pictures of _ that look like _.";"2"
"943";"During my first game of D&D, I accidentally summoned _.";"1"
"944";"Like _, State Farm is there.";"1"
"945";"The Discovery Channel presents: _ week.";"1"
"946";"What's the weirdest thing that AdMagic has printed?";"1"
"947";"I'm Bobby Flay, and if you can't stand _, get out of the kitchen!";"1"
"948";"It's not delivery. It's _.";"1"
"949";"Aw babe, your burps smell like _!";"1"
"950";"Don't miss Rachel Ray's hit new show, Cooking with _.";"1"
"951";"Excuse me, waiter. Could take this back? This soup tastes like _.";"1"
"952";"Now on Netflix: Jiro Dreams of _.";"1"
"953";"Can a woman really have it all? A career and _?";"1"
"954";"My body, my voice! _, my choice!";"1"
"955";"My vagina's angry. My vagina's furious and needs to talk. It needs to talk about _.";"1"
"956";"New fom Mattel, it's _ Barbie!";"1"
"957";"Tampax: Don't let your period ruin _.";"1"
"958";"What gets me wet?";"1"
"959";"Excuse me, straight man, but _ isn't for you, STRAIGHT MAN.";"1"
"960";"GOD HATES _!";"1"
"961";"If you can't love yourself, how the hell you gonna love _?";"1"
"962";"We're here! We're _! Get used to it!";"1"
"963";"YAAAAAAS! You are serving me _ realness!";"1"
"964";"From WBEZ Chicago, it's This American Life. Today on our program, _. Stay with us.";"1"
"965";"My name is Inigo Montoya. You killed my father. Prepare for _.";"1"
"966";"Sir, we found you passed out naked on the side of the road. What's the last thing you remember?";"1"
"967";"The elders of the Ibo tribe of Nigeria recommend _ as a cure for impotence.";"1"
"968";"The Westboro Baptist Church is now picketing soldiers' funerals with signs that read 'GOD HATES _!'";"1"
"969";"What are two cards in your hand that you want to get rid of?";"1"
"970";"What do you see? [An image of a Rorschach inkblot]";"1"
"971";"You can't wait forever. It's time to talk to your doctor about _.";"1"
"972";"America is hungry. America needs _.";"1"
"973";"Astronomers have discovered that the universe consists of 5% ordinary matter, 25% dark matter, and 70% _.";"1"
"974";"BowWOW! is the first pet hotel in LA that offers _ for dogs.";"1"
"975";"Hey, whatever happened to Renee Zellweger?";"1"
"976";"Housekeeping! You want _?";"1"
"977";"In bourgeois society, capital is independent and has individuality, while the living person is _.";"1"
"978";"Some men aren't looking for anything logical, like money. They can't be bought, bullied, reasoned or negotiated with. Some men just want _.";"1"
"979";"What's wrong with these gorillas?";"1"
"980";"Why did the fusion exchanges end?";"1"
"981";"You say tomato, I say _.";"1"
"982";"Bitch, you look nasty. You look disgusting. You look like you're _. Go home, butch.";"1"
"983";"How are the writers of Cards Against Humanity spending your $25?";"1"
"984";"Looking to earn big bucks? Learn how to make _ work for you!";"1"
"985";"Wait, I came here to buy socks. How did I wind up with _?";"1"
"986";"Computer! Display _ on screen. Enhance.";"1"
"987";"Feeling nostalgic when you remember _ from your childhood.";"1"
"988";"Madam President, the asteroid is headed directly for Earth and there's only one thing that can stop it: _.";"1"
"989";"This won't be like negotiating with the Vogons. Humans only respond to one thing: _.";"1"
"990";"What is the answer to life, the universe, and everything?";"1"
"991";"You have violated the Prime Directive! You exposed an alien culture to _ before they were ready.";"1"
"992";"You're not going to believe this, but I'm you from the future! You've got to stop _.";"1"
"993";"A study published in Nature this week found that _ is good for you in small doses.";"1"
"994";"Hey there, Young Scientists! Put on your labcoats and strap on your safety goggles, because today we're learning about _!";"1"
"995";"In an attempt to recreate conditions just after the Big Bang, physicists at the LHC are observing collisions between _ and _.";"2"
"996";"In line with our predictions, we find a robust correlation between _ and _ (p<.05).";"2"
"997";"In what's being hailed as a major breakthrough, scientists have synthesized _ in the lab.";"1"
"998";"Today on Mythbusters, we found out how long _ can withstand _.";"2"
"999";"What really killed the dinosaurs?";"1"
"1000";"Blood is thicker than _.";"1"
"1001";"Donna, pick up my dry cleaning and get my wife something for Christmas. I think she likes _.";"1"
"1002";"Here's what you can expect for the new year. Out: _. In: _.";"2"
"1003";"It's beginning to look a lot like _.";"1"
"1004";"Jesus performed the miracle of _ but it was never recorded.";"1"
"1005";"This holiday season, Tim Allen must overcome his fear of _ to save Christmas.";"1"
"1006";"What's the one thing that makes an elf instantly ejaculate?";"1"
"1007";"Backers who supported Tabletop at the $25,000 level were astonished to receive _ from Wil Wheaton himself.";"1"
"1008";"For my turn, I will spend four gold and allocate all three workers to _.";"1"
"1009";"Hey, you guys want to try this awesome new game? It's called _.";"1"
"1010";"Alright everybody, HOLD! Kelly, why is there _ on my stage?";"1"
"1011";"Comedy = Tragedy + _.";"1"
"1012";"Let's take it from the top, and remember, you are _. Show me  _(SAME CARD AGAIN)_.";"3"
"1013";"Match-maker, match-maker, make me a match. Find me _.";"1"
"1014";"This season at Manhattan Theatre Club: ""Who's afraid of _?""";"1"
"1015";"_! All alone in the moonlight!";"1"
"1016";"Ahhh _! Toodle pip!";"1"
"1017";"Jellicle Cats come out tonight, Jellicle Cats come one, come all, the time for _ is now, Jellicles come to the Jellicle Ball.";"1"
"1018";"Donald Trump has nominated _ for his VP.";"1"
"1019";"Donald Trump's first act as presidnet was to outlaw _.";"1"
"1020";"In 2019, Donald Trump eliminated our national parks to make room for _.";"1"
"1021";"As repartations for slavery, all African Americans will receive _.";"1"
"1022";"Senator, I trust you enjoyed _ last night.  Now, can I count on your vote?";"1"
"1023";"When you go to the polls on Tuesday, remember:  a vote for me is a vote for _.";"1"
"1024";"According to Arizona's stand-your-ground law, you're allowed to shoot someone if they're _.";"1"
"1025";"It's 3AM.  The red phone rings.  It's _.  Who do you want answering?";"1"
"1026";"Trump's great!  Trump's got _.  I love that.";"1"
"1027";"Everyone is staring at you because you're _.";"1"
"1028";"Hold up. I gotta deal with _, then l'mma smoke this.";"1"
"1029";"Instead of playing a card this round, everyone must stare the Card Czar while making a sound you'd make after tasting something delicious.";"1"
"1030";"Okay here's the pitch. James Franco and Seth Rogen are trying to score some weed, and then _ happens.";"1"
"1031";"You know what's, like, really funny when you think about it? _.";"1"
"1032";"Don't worry, Penny! Go Go Gadget _!";"1"
"1033";"I need you like _ needs _.";"2"
"1034";"I'm just gonna stay in tonight. You know, Netflix and _.";"1"
"1035";"Nothing says ""I love you"" like _.";"1"
"1036";"Such _. Very _. Wow.";"2"
"1037";"This app is basically Tinder, but for _.";"1"
"1038";"TRIGGER WARNING: _.";"1"
"1039";"What did I nickname my genitals?";"1"
"1040";"You guys, you can buy _ on the dark web.";"1"
